<?xml version="1.0" ?>
<ArchiveTransfer xmlns:xlink="http://www.w3.org/1999/xlink" xmlns:pr="info:lc/xmlns/premis-v2"
    xmlns="fr:gouv:culture:archivesdefrance:seda:v2.1"
    xmlns:xsi="http://www.w3.org/2001/XMLSchema-instance"
    xsi:schemaLocation="fr:gouv:culture:archivesdefrance:seda:v2.1 seda-2.1-main.xsd" xml:id="ID1">
    <Comment>2eme SIP</Comment>
    <Date>2016-10-18T14:52:27</Date>
    <MessageIdentifier>SIP passant contenant 2 groupes d'objets</MessageIdentifier>
    <ArchivalAgreement>ArchivalAgreement0</ArchivalAgreement>
    <CodeListVersions>
        <ReplyCodeListVersion>ReplyCodeListVersion0</ReplyCodeListVersion>
        <MessageDigestAlgorithmCodeListVersion>MessageDigestAlgorithmCodeListVersion0</MessageDigestAlgorithmCodeListVersion>
        <MimeTypeCodeListVersion>MimeTypeCodeListVersion0</MimeTypeCodeListVersion>
        <EncodingCodeListVersion>EncodingCodeListVersion0</EncodingCodeListVersion>
        <FileFormatCodeListVersion>FileFormatCodeListVersion0</FileFormatCodeListVersion>
        <CompressionAlgorithmCodeListVersion>CompressionAlgorithmCodeListVersion0</CompressionAlgorithmCodeListVersion>
        <DataObjectVersionCodeListVersion>DataObjectVersionCodeListVersion0</DataObjectVersionCodeListVersion>
        <StorageRuleCodeListVersion>StorageRuleCodeListVersion0</StorageRuleCodeListVersion>
        <AppraisalRuleCodeListVersion>AppraisalRuleCodeListVersion0</AppraisalRuleCodeListVersion>
        <AccessRuleCodeListVersion>AccessRuleCodeListVersion0</AccessRuleCodeListVersion>
        <DisseminationRuleCodeListVersion>DisseminationRuleCodeListVersion0</DisseminationRuleCodeListVersion>
        <ReuseRuleCodeListVersion>ReuseRuleCodeListVersion0</ReuseRuleCodeListVersion>
        <ClassificationRuleCodeListVersion>ClassificationRuleCodeListVersion0</ClassificationRuleCodeListVersion>
        <AuthorizationReasonCodeListVersion>AuthorizationReasonCodeListVersion0</AuthorizationReasonCodeListVersion>
        <RelationshipCodeListVersion>RelationshipCodeListVersion0</RelationshipCodeListVersion>
    </CodeListVersions>
    <DataObjectPackage xml:id="ID2">
		<BinaryDataObject id="ID17">
			<DataObjectGroupId>ID16</DataObjectGroupId>
			<DataObjectVersion>BinaryMaster</DataObjectVersion>
			<Uri>Content/test.odt</Uri>
			<MessageDigest algorithm="SHA-512">293fd0eac56963d4d88d90ee6d0dc4314aef6a52f94144bc95a854dd528d76e9567ee4ed73310d9e20fe36837d065df94a6569ed41adf616a6425314fc75f467</MessageDigest>
			<Size>38628</Size>
			<FormatIdentification>
				<FormatLitteral>ODT</FormatLitteral>
				<MimeType>application/vnd.oasis.opendocument.text</MimeType>
				<FormatId>fmt/290</FormatId>
			</FormatIdentification>
			<FileInfo>
				<Filename>test.odt</Filename>
				<LastModified>2017-04-04T08:07:06.487+02:00</LastModified>
			</FileInfo>
		</BinaryDataObject>
		<BinaryDataObject id="ID21">
			<DataObjectGroupId>ID20</DataObjectGroupId>
			<DataObjectVersion>BinaryMaster</DataObjectVersion>
			<Uri>Content/test.rtf</Uri>
			<MessageDigest algorithm="SHA-512">3989588b539e6c4f8c0b4e8904be29d2d4f7ee274cd56978485a9d63b3fcf378f3b9427193eed39544d6ed333bcd90bd96236abc9db679e0a5019789313e4649</MessageDigest>
			<Size>38628</Size>
			<FormatIdentification>
				<FormatLitteral>RTF</FormatLitteral>
				<MimeType>application/rtf</MimeType>
				<FormatId>fmt/355</FormatId>
			</FormatIdentification>
			<FileInfo>
				<Filename>test.rtf</Filename>
				<LastModified>2017-04-04T08:07:27.825+02:00</LastModified>
			</FileInfo>
		</BinaryDataObject>
        <DescriptiveMetadata>
            <ArchiveUnit id="ID14">
                <Content>
                    <DescriptionLevel>RecordGrp</DescriptionLevel>
                    <Title>dossier2</Title>
                    <Description>Donec luctus vehicula leo ac mollis. Vivamus vitae ipsum pharetra, pharetra sem ut, elementum purus. Praesent eu nunc enim. Donec eu ipsum ac risus finibus condimentum</Description>
                    <StartDate>2016-06-03T15:28:00</StartDate>
                    <EndDate>2016-06-03T15:28:00</EndDate>
                </Content>
                <ArchiveUnit id="ID19">
                    <ArchiveUnitRefId>ID18</ArchiveUnitRefId>
                </ArchiveUnit>
                <ArchiveUnit id="ID23">
                    <ArchiveUnitRefId>ID22</ArchiveUnitRefId>
                </ArchiveUnit>
            </ArchiveUnit>
            <ArchiveUnit id="ID18">
                <Content>
                    <DescriptionLevel>Item</DescriptionLevel>
                    <Title>BAD0431E2C5E80E5BD42D547A3ED5966.odt</Title>
                    <Description>Ut malesuada pretium enim, eu mattis tellus hendrerit sed. Nulla ac egestas ex. Mauris cursus posuere massa, tincidunt dignissim nisl blandit posuere. Cras pellentesque auctor rutrum. Quisque non tincidunt eros. Morbi malesuada leo sed nunc accumsan, eget placerat ligula tincidunt</Description>
                    <TransactedDate>2016-06-03T15:28:00</TransactedDate>
                </Content>
                <DataObjectReference>
                    <DataObjectGroupReferenceId>ID16</DataObjectGroupReferenceId>
                </DataObjectReference>
            </ArchiveUnit>
            <ArchiveUnit id="ID22">
                <Content>
                    <DescriptionLevel>Item</DescriptionLevel>
                    <Title>BAD0431E2C5E80E5BD42D547A3ED59665555.odt</Title>
                    <Description>Proin bibendum odio quam, in placerat dui congue nec. Ut congue orci in sem vestibulum mollis. Morbi vel augue dapibus, pellentesque nisl in, dignissim ligula. Sed eget dui tortor. Ut sed orci odio. Praesent ullamcorper pretium ligula quis luctus. Cum sociis natoque penatibus et magnis dis parturient montes, nascetur ridiculus mus.</Description>
                    <TransactedDate>2016-06-03T15:28:00</TransactedDate>
                </Content>
                <DataObjectReference>
                    <DataObjectGroupReferenceId>ID20</DataObjectGroupReferenceId>
                </DataObjectReference>
            </ArchiveUnit>
        </DescriptiveMetadata>
        <ManagementMetadata>
            <OriginatingAgencyIdentifier>FRAN_NP_009913</OriginatingAgencyIdentifier>
        </ManagementMetadata>
    </DataObjectPackage>
    <ArchivalAgency>
        <Identifier>Identifier4</Identifier>
    </ArchivalAgency>
    <TransferringAgency>
        <Identifier>Identifier5</Identifier>
    </TransferringAgency>
</ArchiveTransfer>
