<?xml version="1.0"?>
<conf:configuration-backend-db xmlns:conf="http://openoffice.org/extensionmanager/configuration-registry/2010"><conf:configuration url="vnd.sun.star.expand:$BUNDLED_EXTENSIONS/dict-en/dialog/OptionsDialog.xcs"><conf:ini-entry>$BUNDLED_EXTENSIONS/dict-en/dialog/OptionsDialog.xcs</conf:ini-entry></conf:configuration><conf:configuration url="vnd.sun.star.expand:$BUNDLED_EXTENSIONS/dict-en/dictionaries.xcu"><conf:data-url>vnd.sun.star.expand:$BUNDLED_EXTENSIONS_USER/registry/com.sun.star.comp.deployment.configuration.PackageRegistryBackend/lu119244fh22u.tmp</conf:data-url><conf:ini-entry>$BUNDLED_EXTENSIONS_USER/registry/com.sun.star.comp.deployment.configuration.PackageRegistryBackend/lu119244fh22u.tmp/dictionaries.xcu</conf:ini-entry></conf:configuration><conf:configuration url="vnd.sun.star.expand:$BUNDLED_EXTENSIONS/dict-en/dialog/OptionsDialog.xcu"><conf:data-url>vnd.sun.star.expand:$BUNDLED_EXTENSIONS_USER/registry/com.sun.star.comp.deployment.configuration.PackageRegistryBackend/lu119244fh22v.tmp</conf:data-url><conf:ini-entry>$BUNDLED_EXTENSIONS_USER/registry/com.sun.star.comp.deployment.configuration.PackageRegistryBackend/lu119244fh22v.tmp/OptionsDialog.xcu</conf:ini-entry></conf:configuration><conf:configuration url="vnd.sun.star.expand:$BUNDLED_EXTENSIONS/dict-en/Linguistic.xcu"><conf:ini-entry>$BUNDLED_EXTENSIONS/dict-en/Linguistic.xcu</conf:ini-entry></conf:configuration><conf:configuration url="vnd.sun.star.expand:$BUNDLED_EXTENSIONS/dict-fr/dictionaries.xcu"><conf:data-url>vnd.sun.star.expand:$BUNDLED_EXTENSIONS_USER/registry/com.sun.star.comp.deployment.configuration.PackageRegistryBackend/lu119244fh22x.tmp</conf:data-url><conf:ini-entry>$BUNDLED_EXTENSIONS_USER/registry/com.sun.star.comp.deployment.configuration.PackageRegistryBackend/lu119244fh22x.tmp/dictionaries.xcu</conf:ini-entry></conf:configuration><conf:configuration url="vnd.sun.star.expand:$BUNDLED_EXTENSIONS/dict-es/dictionaries.xcu"><conf:data-url>vnd.sun.star.expand:$BUNDLED_EXTENSIONS_USER/registry/com.sun.star.comp.deployment.configuration.PackageRegistryBackend/lu119244fh22y.tmp</conf:data-url><conf:ini-entry>$BUNDLED_EXTENSIONS_USER/registry/com.sun.star.comp.deployment.configuration.PackageRegistryBackend/lu119244fh22y.tmp/dictionaries.xcu</conf:ini-entry></conf:configuration><conf:configuration url="vnd.sun.star.expand:$BUNDLED_EXTENSIONS/wiki-publisher/WikiExtension.xcs"><conf:ini-entry>$BUNDLED_EXTENSIONS/wiki-publisher/WikiExtension.xcs</conf:ini-entry></conf:configuration><conf:configuration url="vnd.sun.star.expand:$BUNDLED_EXTENSIONS/wiki-publisher/Addons.xcu"><conf:ini-entry>$BUNDLED_EXTENSIONS/wiki-publisher/Addons.xcu</conf:ini-entry></conf:configuration><conf:configuration url="vnd.sun.star.expand:$BUNDLED_EXTENSIONS/wiki-publisher/ProtocolHandler.xcu"><conf:ini-entry>$BUNDLED_EXTENSIONS/wiki-publisher/ProtocolHandler.xcu</conf:ini-entry></conf:configuration><conf:configuration url="vnd.sun.star.expand:$BUNDLED_EXTENSIONS/wiki-publisher/WikiExtension.xcu"><conf:ini-entry>$BUNDLED_EXTENSIONS/wiki-publisher/WikiExtension.xcu</conf:ini-entry></conf:configuration><conf:configuration url="vnd.sun.star.expand:$BUNDLED_EXTENSIONS/wiki-publisher/OptionsDialog.xcu"><conf:data-url>vnd.sun.star.expand:$BUNDLED_EXTENSIONS_USER/registry/com.sun.star.comp.deployment.configuration.PackageRegistryBackend/lu119244fh232.tmp</conf:data-url><conf:ini-entry>$BUNDLED_EXTENSIONS_USER/registry/com.sun.star.comp.deployment.configuration.PackageRegistryBackend/lu119244fh232.tmp/OptionsDialog.xcu</conf:ini-entry></conf:configuration><conf:configuration url="vnd.sun.star.expand:$BUNDLED_EXTENSIONS/wiki-publisher/Filter.xcu"><conf:data-url>vnd.sun.star.expand:$BUNDLED_EXTENSIONS_USER/registry/com.sun.star.comp.deployment.configuration.PackageRegistryBackend/lu119244fh233.tmp</conf:data-url><conf:ini-entry>$BUNDLED_EXTENSIONS_USER/registry/com.sun.star.comp.deployment.configuration.PackageRegistryBackend/lu119244fh233.tmp/Filter.xcu</conf:ini-entry></conf:configuration><conf:configuration url="vnd.sun.star.expand:$BUNDLED_EXTENSIONS/wiki-publisher/Types.xcu"><conf:ini-entry>$BUNDLED_EXTENSIONS/wiki-publisher/Types.xcu</conf:ini-entry></conf:configuration><conf:configuration url="vnd.sun.star.expand:$BUNDLED_EXTENSIONS/wiki-publisher/Paths.xcu"><conf:data-url>vnd.sun.star.expand:$BUNDLED_EXTENSIONS_USER/registry/com.sun.star.comp.deployment.configuration.PackageRegistryBackend/lu119244fh235.tmp</conf:data-url><conf:ini-entry>$BUNDLED_EXTENSIONS_USER/registry/com.sun.star.comp.deployment.configuration.PackageRegistryBackend/lu119244fh235.tmp/Paths.xcu</conf:ini-entry></conf:configuration></conf:configuration-backend-db>
